file,active_slots,request_index,prompt_tokens,completion_tokens,prefill_ms,prefill_tok_s,decode_ms,decode_tok_s,wall_ms
ctx_000256.txt,1,1,254,128,2779.749,91.37515653391728,31415.207,4.074459862702799,34327.34155654907
ctx_000512.txt,1,1,510,106,3647.579,139.81876746192472,25583.538,4.143289329255398,30013.63706588745
ctx_001024.txt,1,1,1022,50,5881.505,173.76504823170262,11786.364,4.242190382038091,18891.66522026062
ctx_002048.txt,1,1,2046,128,10609.217,192.85117836688607,31878.692,4.015221201672892,44674.47018623352
ctx_004096.txt,1,1,4094,128,20540.221,199.31625857384884,32463.438,3.942897237193424,56977.63109207153
