file,active_slots,group_start_epoch,group_end_epoch,group_wall_ms*,group_prompt_tokens*,group_response_tok_s*
ctx_000256.txt,2,1782661234.0523696,1782661235.069425,1017.0555114746094,508,499.481094462052
ctx_000512.txt,2,1782661235.2007902,1782661237.2513635,2050.5733489990234,1020,497.4218554522361
ctx_001024.txt,2,1782661237.4714184,1782661241.573412,4101.993560791016,2044,498.294297567313
ctx_002048.txt,2,1782661242.0248976,1782661247.9665017,5941.604137420654,4092,688.7028999842462
ctx_004096.txt,2,1782661248.8967245,1782661258.1996057,9302.881240844727,8188,880.1574252125471
ctx_008192.txt,2,1782661259.1293287,1782661275.8439002,16714.571475982666,16380,979.9832453698609
ctx_016384.txt,2,1782661276.1899495,1782661313.4035416,37213.59205245972,32764,880.4309982710844
ctx_032768.txt,2,1782661313.7395458,1782661402.1546803,88415.13442993164,65534,741.2079438948908
