file,active_slots,request_index,prompt_tokens,completion_tokens,prefill_ms,prefill_tok_s,decode_ms,decode_tok_s,wall_ms
ctx_000256.txt,1,1,254,128,6813.858,37.276972898466624,31259.545,4.094749299773877,38203.861236572266
ctx_000512.txt,1,1,510,128,13264.232,38.44926717204585,31447.655,4.0702557949074425,45487.05554008484
ctx_001024.txt,1,1,1022,128,26609.763,38.40695612358517,31337.881,4.084513563632461,59192.01564788818
ctx_002048.txt,1,1,2046,128,53861.503,37.98631464108976,31586.054,4.05242136292175,88054.32486534119
ctx_004096.txt,1,1,4094,128,111355.734,36.76505782809532,32508.594,3.9374203633660687,147843.42527389526
