file,active_slots,group_start_epoch,group_end_epoch,group_wall_ms*,group_prompt_tokens*,group_response_tok_s*
ctx_000256.txt,3,1782664813.9225192,1782664815.5669804,1644.4611549377441,762,463.37366967409315
ctx_000512.txt,3,1782664816.19641,1782664819.5905416,3394.131660461426,1530,450.7780348721061
ctx_001024.txt,3,1782664819.6077325,1782664826.3618553,6754.122734069824,3066,453.9449637973226
ctx_002048.txt,3,1782664826.424124,1782664840.0449438,13620.819807052612,6138,450.6336686740291
ctx_004096.txt,3,1782664840.0562978,1782664868.028419,27972.121238708496,12282,439.0800359825365
ctx_008192.txt,3,1782664868.457149,1782664926.416964,57959.81502532959,24570,423.9143963669039
ctx_016384.txt,3,1782664926.4443955,1782665052.8560636,126411.66806221008,49146,388.77740285662657
ctx_032768.txt,3,1782665053.8711398,1782665349.0279284,295156.7885875702,98301,333.04671889948764
