file,active_slots,group_start_epoch,group_end_epoch,group_wall_ms*,group_prompt_tokens*,group_response_tok_s*
ctx_000256.txt,2,1782662720.7388184,1782662721.852364,1113.5456562042236,508,456.2004235476386
ctx_000512.txt,2,1782662721.876502,1782662724.023354,2146.8520164489746,1020,475.11425668134444
ctx_001024.txt,2,1782662724.1518476,1782662728.7062528,4554.405212402344,2044,448.79625432402776
ctx_002048.txt,2,1782662729.8271945,1782662738.8480449,9020.850419998169,4092,453.6157689665838
ctx_004096.txt,2,1782662738.918591,1782662757.4227886,18504.197597503662,8188,442.4941939176339
ctx_008192.txt,2,1782662758.2450337,1782662797.1444814,38899.44767951965,16380,421.0856702889378
ctx_016384.txt,2,1782662798.0435991,1782662883.2140114,85170.41230201721,32764,384.6875823944321
ctx_032768.txt,2,1782662883.2698011,1782663081.8684204,198598.619222641,65534,329.98215323205466
