file,active_slots,group_start_epoch,group_end_epoch,group_wall_ms*,group_prompt_tokens*,group_response_tok_s*
ctx_000256.txt,2,1782661857.0035024,1782661858.0909724,1087.4700546264648,508,467.1392999180037
ctx_000512.txt,2,1782661858.139806,1782661859.8867338,1746.9277381896973,1020,583.8821936945162
ctx_001024.txt,2,1782661860.426625,1782661863.9936569,3567.0318603515625,2044,573.0254396434086
ctx_002048.txt,2,1782661865.0077658,1782661871.6737304,6665.964603424072,4092,613.8646457705586
ctx_004096.txt,2,1782661871.8875735,1782661885.0950217,13207.448244094849,8188,619.9532149339232
ctx_008192.txt,2,1782661885.647012,1782661912.201735,26554.723024368286,16380,616.8394219351744
ctx_016384.txt,2,1782661913.192716,1782661968.431555,55238.8391494751,32764,593.1333913687312
ctx_032768.txt,2,1782661969.510758,1782662088.6818025,119171.04458808899,65534,549.9154616502376
