file,active_slots,group_start_epoch,group_end_epoch,group_wall_ms*,group_prompt_tokens*,group_response_tok_s*
ctx_000256.txt,3,1782664083.2725685,1782664084.7342255,1461.6570472717285,762,521.3261218986487
ctx_000512.txt,3,1782664085.5453868,1782664088.5989382,3053.551435470581,1530,501.0559122165933
ctx_001024.txt,3,1782664088.9539685,1782664095.0943298,6140.361309051514,3066,499.31915170535746
ctx_002048.txt,3,1782664095.7739024,1782664108.2108653,12436.962842941284,6138,493.5288524628567
ctx_004096.txt,3,1782664108.264503,1782664133.9011025,25636.59954071045,12282,479.0806979098928
ctx_008192.txt,3,1782664134.399691,1782664160.7661152,26366.424083709717,24570,931.8669805959913
ctx_016384.txt,3,1782664161.777972,1782664215.5313468,53753.37481498718,49146,914.2867804887558
ctx_032768.txt,3,1782664216.3941221,1782664343.7419128,127347.79071807861,98301,771.909739821226
