file,active_slots,group_start_epoch,group_end_epoch,group_wall_ms*,group_prompt_tokens*,group_response_tok_s*
ctx_000256.txt,3,1782665445.5332851,1782665447.4049413,1871.6561794281006,762,407.12605679149635
ctx_000512.txt,3,1782665447.8165433,1782665451.3104744,3493.9310550689697,1530,437.9021726202316
ctx_001024.txt,3,1782665452.379471,1782665460.486347,8106.875896453857,3066,378.1974757182532
ctx_002048.txt,3,1782665461.5309427,1782665473.678627,12147.684335708618,6138,505.2814866086943
ctx_004096.txt,3,1782665474.1470776,1782665498.3073952,24160.31765937805,12282,508.3542432329166
ctx_008192.txt,3,1782665499.357134,1782665551.4256294,52068.49527359009,24570,471.87843379953154
ctx_016384.txt,3,1782665552.2018604,1782665661.6663651,109464.50471878052,49146,448.96745411910825
ctx_032768.txt,3,1782665662.2310302,1782665889.9628997,227731.86945915222,98301,431.6523648335133
