file,active_slots,group_start_epoch,group_end_epoch,group_wall_ms*,group_prompt_tokens*,group_response_tok_s*
ctx_000256.txt,2,1782662319.7532012,1782662320.9398096,1186.6083145141602,508,428.11093920911327
ctx_000512.txt,2,1782662322.0261152,1782662324.0738034,2047.6882457733154,1020,498.1227011022833
ctx_001024.txt,2,1782662324.3070335,1782662328.5101328,4203.099250793457,2044,486.307811935237
ctx_002048.txt,2,1782662328.879827,1782662337.0684512,8188.624143600464,4092,499.7176483179975
ctx_004096.txt,2,1782662338.037161,1782662354.4712796,16434.118509292603,8188,498.2317728431939
ctx_008192.txt,2,1782662355.2094383,1782662388.4833724,33273.93412590027,16380,492.27722631240914
ctx_016384.txt,2,1782662389.5624058,1782662464.7200632,75157.65738487244,32764,435.9369509379448
ctx_032768.txt,2,1782662465.268254,1782662618.2768407,153008.58664512634,65534,428.3027602365439
