file,active_slots,group_start_epoch,group_end_epoch,group_wall_ms*,group_prompt_tokens*,group_response_tok_s*
ctx_000256.txt,2,1782660701.6731932,1782660702.735259,1062.065839767456,508,478.3130960235279
ctx_000512.txt,2,1782660702.8120499,1782660704.7944689,1982.4190139770508,1020,514.5229100449941
ctx_001024.txt,2,1782660705.086443,1782660709.3370943,4250.6513595581055,2044,480.86747820515035
ctx_002048.txt,2,1782660709.6340163,1782660718.020061,8386.04474067688,4092,487.95351402688965
ctx_004096.txt,2,1782660718.7234523,1782660735.8876865,17164.234161376953,8188,477.0384698214313
ctx_008192.txt,2,1782660736.959753,1782660772.746229,35786.47589683533,16380,457.7148095615785
ctx_016384.txt,2,1782660773.3319502,1782660850.4652967,77133.34655761719,32764,424.7708865519778
ctx_032768.txt,2,1782660850.5857108,1782661026.88429,176298.57921600342,65534,371.7216570401674
