file,active_slots,group_start_epoch,group_end_epoch,group_wall_ms*,group_prompt_tokens*,group_response_tok_s*
ctx_000256.txt,2,1782663129.6210635,1782663130.7356505,1114.5870685577393,508,455.7741735307814
ctx_000512.txt,2,1782663130.759041,1782663132.2490919,1490.0507926940918,1020,684.5404230521466
ctx_001024.txt,2,1782663133.030661,1782663135.1375854,2106.924295425415,2044,970.1345247372973
ctx_002048.txt,2,1782663135.3059654,1782663138.9829636,3676.9981384277344,4092,1112.8643110354465
ctx_004096.txt,2,1782663139.871076,1782663146.9672177,7096.141576766968,8188,1153.8664937024112
ctx_008192.txt,2,1782663147.841698,1782663162.0039132,14162.215232849121,16380,1156.5987192460364
ctx_016384.txt,2,1782663162.6407232,1782663192.7500405,30109.317302703857,32764,1088.1681464447468
ctx_032768.txt,2,1782663193.3693817,1782663268.2057536,74836.37189865112,65534,875.6971822304657
