file,active_slots,group_start_epoch,group_end_epoch,group_wall_ms*,group_prompt_tokens*,group_response_tok_s*
ctx_000256.txt,3,1782665971.1140208,1782665972.749225,1635.2040767669678,762,465.99688126180735
ctx_000512.txt,3,1782665973.399935,1782665975.982986,2583.0509662628174,1530,592.322807402294
ctx_001024.txt,3,1782665976.8343034,1782665981.5656981,4731.3947677612305,3066,648.0118760943614
ctx_002048.txt,3,1782665982.5679965,1782665992.1752498,9607.253313064575,6138,638.8922827352895
ctx_004096.txt,3,1782665992.8841689,1782666012.0625756,19178.406715393066,12282,640.4077347125067
ctx_008192.txt,3,1782666012.411511,1782666051.544909,39133.39805603027,24570,627.8524539274932
ctx_016384.txt,3,1782666052.596243,1782666133.6160984,81019.85549926758,49146,606.592047062393
ctx_032768.txt,3,1782666134.264897,1782666307.8033674,173538.4702682495,98301,566.4507693772445
