file,prompt_tokens,completion_tokens,prefill_ms,prefill_tok_s,decode_ms,decode_tok_s,wall_ms
ctx_000256.txt,254,128,215763.151,1.177216771366117,133471.266,0.9590079111109953,349363.74950408936
ctx_000512.txt,510,128,432229.38,1.1799290460079321,133214.936,0.9608532184409112,566304.9700260162
