file,active_slots,group_start_epoch,group_end_epoch,group_wall_ms*,group_prompt_tokens*,group_response_tok_s*
ctx_000256.txt,3,1782663540.671143,1782663542.1333625,1462.219476699829,762,521.125598545441
ctx_000512.txt,3,1782663542.943646,1782663545.9720845,3028.4385681152344,1530,505.21084234910006
ctx_001024.txt,3,1782663546.351823,1782663552.4379911,6086.168050765991,3066,503.7652549889943
ctx_002048.txt,3,1782663553.1663053,1782663565.4685192,12302.213907241821,6138,498.9345857810849
ctx_004096.txt,3,1782663565.6589088,1782663591.0900671,25431.158304214478,12282,482.950868893951
ctx_008192.txt,3,1782663591.903219,1782663645.048883,53145.66397666931,24570,462.3142917319861
ctx_016384.txt,3,1782663645.3283935,1782663759.7656207,114437.22724914551,49146,429.4581508253641
ctx_032768.txt,3,1782663760.1106071,1782664022.4453995,262334.7923755646,98301,374.715832047432
